"0","finished_df <- data.frame(read_csv(""patient_side_data.csv""))"
"2","Missing column names filled in: 'X1' [1]"
"2","Parsed with column specification:
cols(
  X1 = col_integer(),
  clinic_id = col_integer(),
  clinic_name = col_character(),
  clinic_location = col_character(),
  clinic_open = col_integer(),
  clinic_close = col_integer(),
  msp_required = col_integer(),
  year = col_integer(),
  age = col_integer(),
  gender = col_character(),
  sexual_orientaton = col_integer(),
  service_type = col_character(),
  user_feedback_tags1 = col_character(),
  user_feedback_tags2 = col_character(),
  user_feedback_tags3 = col_character(),
  user_feedback_tags4 = col_character(),
  user_feedback_tags5 = col_character()
)
"
"0","head(finished_df)"
